{
  "camera": [
    {
      "bottom": 14.338,
      "id": "Slingshot",
      "left": -39.913,
      "right": 33.515,
      "top": -40.733,
      "x": 29.894,
      "y": -13.198
    },
    {
      "bottom": 11.728,
      "id": "Castle",
      "left": 13.039,
      "right": 77.257,
      "top": -36.435,
      "x": 78.241,
      "y": -12.354
    }
  ],
  "counts": {
    "birds": 2,
    "blocks": 12
  },
  "id": "pack1/Level6.lua",
  "scoreEagle": 65900,
  "scoreGold": 64000,
  "scoreSilver": 51000,
  "theme": "BACKGROUND_BLUE_GRASS",
  "world": {
    "bird_1": {
      "angle": 0,
      "x": 0,
      "y": -1.142,
      "id": "BIRD_RED"
    },
    "bird_2": {
      "angle": 0,
      "x": -3,
      "y": -1.142,
      "id": "BIRD_YELLOW"
    },
    "block_1": {
      "angle": 0.0,
      "x": 108.52111111111111,
      "y": -1.921111111111114,
      "id": "WOOD_BLOCK_4X4_HOLLOW"
    },
    "block_2": {
      "angle": 0.0,
      "x": 108.52111111111111,
      "y": -5.561111111111107,
      "id": "WOOD_BLOCK_4X4_HOLLOW"
    },
    "block_3": {
      "angle": 0.0,
      "x": 108.62222222222222,
      "y": -10.616666666666665,
      "id": "PIG_KING"
    },
    "block_4": {
      "angle": 0.0,
      "x": 38.35,
      "y": -0.9099999999999936,
      "id": "STONE_BLOCK_10X1"
    },
    "block_5": {
      "angle": 89.38141604040848,
      "x": 43.05166666666666,
      "y": -4.853333333333329,
      "id": "STONE_BLOCK_10X1"
    },
    "block_6": {
      "angle": 0.0,
      "x": 48.056666666666665,
      "y": -0.9099999999999936,
      "id": "STONE_BLOCK_10X1"
    },
    "block_7": {
      "angle": 0.0,
      "x": 63.375,
      "y": -0.9099999999999936,
      "id": "STONE_BLOCK_8X1"
    },
    "block_8": {
      "angle": 89.38141604040848,
      "x": 67.47,
      "y": -4.094999999999996,
      "id": "STONE_BLOCK_8X1"
    },
    "block_9": {
      "angle": 0.0,
      "x": 71.565,
      "y": -0.9099999999999936,
      "id": "STONE_BLOCK_8X1"
    },
    "block_10": {
      "angle": 0.0,
      "x": 83.85,
      "y": -0.91,
      "id": "STONE_BLOCK_4X1"
    },
    "block_11": {
      "angle": 88.80845824527768,
      "x": 86.125,
      "y": -2.274999999999995,
      "id": "STONE_BLOCK_4X1"
    },
    "block_12": {
      "angle": 0.0,
      "x": 88.4,
      "y": -0.91,
      "id": "STONE_BLOCK_4X1"
    }
  }
}